1,2018-06-24,2018-07-07
2,2018-07-08,2018-07-21
3,2018-07-22,2018-08-04
4,2018-08-05,2018-08-18
5,2018-08-19,2018-09-01
6,2018-09-02,2018-09-15
7,2018-09-16,2018-09-29
8,2018-09-30,2018-10-13
9,2018-10-14,2018-10-27
10,2018-10-28,2018-11-10
11,2018-11-11,2018-11-24
12,2018-11-25,2018-12-08
13,2018-12-09,2018-12-22
14,2018-12-23,2019-01-05
15,2019-01-06,2019-01-19
16,2019-01-20,2019-02-02
17,2019-02-03,2019-02-16
18,2019-02-17,2019-03-02
19,2019-03-03,2019-03-16
20,2019-03-17,2019-03-30
21,2019-03-31,2019-04-13
22,2019-04-14,2019-04-27
23,2019-04-28,2019-05-11
24,2019-05-12,2019-05-25
25,2019-05-26,2019-06-08
26,2019-06-09,2019-06-22
27,2019-06-23,2019-07-06
28,2019-07-07,2019-07-20
29,2019-07-21,2019-08-03
30,2019-08-04,2019-08-17
