1,2018-05-20,2018-06-02
2,2018-06-03,2018-06-16
3,2018-06-17,2018-06-30
4,2018-07-01,2018-07-14
5,2018-07-15,2018-07-28
6,2018-07-29,2018-08-11
7,2018-08-12,2018-08-25
8,2018-08-26,2018-09-08
9,2018-09-09,2018-09-22
10,2018-09-23,2018-10-06
11,2018-10-07,2018-10-20
12,2018-10-21,2018-11-03
13,2018-11-04,2018-11-17
14,2018-11-18,2018-12-01
15,2018-12-02,2018-12-15
16,2018-12-16,2018-12-29
17,2018-12-30,2019-01-12
18,2019-01-13,2019-01-26
19,2019-01-27,2019-02-09
20,2019-02-10,2019-02-23
21,2019-02-24,2019-03-09
22,2019-03-10,2019-03-23
23,2019-03-24,2019-04-06
24,2019-04-07,2019-04-20
25,2019-04-21,2019-05-04
26,2019-05-05,2019-05-18
27,2019-05-19,2019-06-01
28,2019-06-02,2019-06-15
29,2019-06-16,2019-06-29
30,2019-06-30,2019-07-13
31,2019-07-14,2019-07-27
32,2019-07-28,2019-08-10
33,2019-08-11,2019-08-24
